{"cameraMode":{"drawMode":0,"name":"Shaded","section":"Shading Mode"},"sceneLighting":true,"audioPlay":false,"sceneViewState":{"showFog":true,"showMaterialUpdate":false,"showSkybox":true,"showFlares":true,"showImageEffects":true,"showParticleSystems":true},"in2DMode":false,"pivot":{"x":-7.419805526733398,"y":3.38449764251709,"z":-2.92557430267334},"rotation":{"x":0.05704347789287567,"y":0.8229234218597412,"z":0.08397246152162552,"w":-0.5590137839317322},"size":5.803472518920898,"orthographic":false}