{"cameraMode":{"drawMode":0,"name":"Shaded","section":"Shading Mode"},"sceneLighting":true,"audioPlay":false,"sceneViewState":{"showFog":true,"showMaterialUpdate":false,"showSkybox":true,"showFlares":true,"showImageEffects":true,"showParticleSystems":true},"in2DMode":false,"pivot":{"x":-0.6020059585571289,"y":1.0008420944213868,"z":4.562328338623047},"rotation":{"x":-0.15076938271522523,"y":0.1570560485124588,"z":-0.024269094690680505,"w":-0.975712776184082},"size":7.029178619384766,"orthographic":false}