{"cameraMode":{"drawMode":0,"name":"Shaded","section":"Shading Mode"},"sceneLighting":true,"audioPlay":false,"sceneViewState":{"showFog":true,"showMaterialUpdate":false,"showSkybox":true,"showFlares":true,"showImageEffects":true,"showParticleSystems":true},"in2DMode":false,"pivot":{"x":-0.6772738099098206,"y":-0.8948285579681397,"z":7.6225738525390629},"rotation":{"x":-0.1993120312690735,"y":0.07839515805244446,"z":-0.015998901799321176,"w":-0.9766650795936585},"size":4.198537826538086,"orthographic":false}